{"rows":[
	{"itemid":"1","productid":"GT000088","productname":"定格北淮4晚5天摄影团","productattributes":"随定随售","producttype":"标准产品","makepart":"产品审核部门","maker":"张某","productapppart":"市场部","time":"2016-07-12","city":"北京","status":"已完成"},{"itemid":"1","productid":"GT000088","productname":"定格北淮4晚5天摄影团","productattributes":"随定随售","producttype":"标准产品","makepart":"产品审核部门","maker":"张某","productapppart":"市场部","time":"2016-07-12","city":"北京","status":"已完成"},{"itemid":"1","productid":"GT000088","productname":"定格北淮4晚5天摄影团","productattributes":"随定随售","producttype":"标准产品","makepart":"产品审核部门","maker":"张某","productapppart":"市场部","time":"2016-07-12","city":"北京","status":"已完成"},{"itemid":"1","productid":"GT000088","productname":"定格北淮4晚5天摄影团","productattributes":"随定随售","producttype":"标准产品","makepart":"产品审核部门","maker":"张某","productapppart":"市场部","time":"2016-07-12","city":"北京","status":"已完成"},{"itemid":"1","productid":"GT000088","productname":"定格北淮4晚5天摄影团","productattributes":"随定随售","producttype":"标准产品","makepart":"产品审核部门","maker":"张某","productapppart":"市场部","time":"2016-07-12","city":"北京","status":"已完成"},{"itemid":"1","productid":"GT000088","productname":"定格北淮4晚5天摄影团","productattributes":"随定随售","producttype":"标准产品","makepart":"产品审核部门","maker":"张某","productapppart":"市场部","time":"2016-07-12","city":"北京","status":"已完成"}
	
]}
